{
  "constraints__clocks__count": 1,
  "constraints__clocks__details": [
    "core_clock: 2.5000"
  ],
  "cts__clock__skew__hold": 0.0018465,
  "cts__clock__skew__setup": 0.0018465,
  "cts__cpu__total": 75.67,
  "cts__design__core__area": 6944.16,
  "cts__design__die__area": 7729.93,
  "cts__design__instance__area": 4399.22,
  "cts__design__instance__area__macros": 0,
  "cts__design__instance__area__stdcell": 4399.22,
  "cts__design__instance__count": 603,
  "cts__design__instance__count__hold_buffer": 0,
  "cts__design__instance__count__macros": 0,
  "cts__design__instance__count__setup_buffer": 54,
  "cts__design__instance__count__stdcell": 603,
  "cts__design__instance__displacement__max": 27.14,
  "cts__design__instance__displacement__mean": 2.577,
  "cts__design__instance__displacement__total": 1554.49,
  "cts__design__instance__utilization": 0.633514,
  "cts__design__instance__utilization__stdcell": 0.633514,
  "cts__design__io": 54,
  "cts__design__violations": 0,
  "cts__flow__errors__count": 0,
  "cts__flow__warnings__count": 1,
  "cts__mem__peak": 823260.0,
  "cts__power__internal__total": 0.00171189,
  "cts__power__leakage__total": 1.9303e-09,
  "cts__power__switching__total": 0.00114852,
  "cts__power__total": 0.00286041,
  "cts__route__wirelength__estimated": 8762.78,
  "cts__runtime__total": "0:22.96",
  "cts__timing__drv__hold_violation_count": 0,
  "cts__timing__drv__max_cap": 0,
  "cts__timing__drv__max_cap_limit": 0.766235,
  "cts__timing__drv__max_fanout": 0,
  "cts__timing__drv__max_fanout_limit": 0,
  "cts__timing__drv__max_slew": 0,
  "cts__timing__drv__max_slew_limit": 0.719174,
  "cts__timing__drv__setup_violation_count": 24,
  "cts__timing__setup__tns": -7.62674,
  "cts__timing__setup__ws": -0.7025,
  "design__io__hpwl": 1216100,
  "design__violations": 0,
  "detailedplace__cpu__total": 0.74,
  "detailedplace__design__core__area": 6944.16,
  "detailedplace__design__die__area": 7729.93,
  "detailedplace__design__instance__area": 3484.59,
  "detailedplace__design__instance__area__macros": 0,
  "detailedplace__design__instance__area__stdcell": 3484.59,
  "detailedplace__design__instance__count": 540,
  "detailedplace__design__instance__count__macros": 0,
  "detailedplace__design__instance__count__stdcell": 540,
  "detailedplace__design__instance__displacement__max": 8.027,
  "detailedplace__design__instance__displacement__mean": 1.897,
  "detailedplace__design__instance__displacement__total": 1024.51,
  "detailedplace__design__instance__utilization": 0.501802,
  "detailedplace__design__instance__utilization__stdcell": 0.501802,
  "detailedplace__design__io": 54,
  "detailedplace__design__violations": 0,
  "detailedplace__flow__errors__count": 0,
  "detailedplace__flow__warnings__count": 0,
  "detailedplace__mem__peak": 131860.0,
  "detailedplace__power__internal__total": 0.0012072,
  "detailedplace__power__leakage__total": 1.4158e-09,
  "detailedplace__power__switching__total": 0.000768836,
  "detailedplace__power__total": 0.00197604,
  "detailedplace__route__wirelength__estimated": 6913.14,
  "detailedplace__runtime__total": "0:00.81",
  "detailedplace__timing__drv__hold_violation_count": 0,
  "detailedplace__timing__drv__max_cap": 0,
  "detailedplace__timing__drv__max_cap_limit": 0.828769,
  "detailedplace__timing__drv__max_fanout": 0,
  "detailedplace__timing__drv__max_fanout_limit": 0,
  "detailedplace__timing__drv__max_slew": 0,
  "detailedplace__timing__drv__max_slew_limit": 0.709453,
  "detailedplace__timing__drv__setup_violation_count": 31,
  "detailedplace__timing__setup__tns": -6.0452,
  "detailedplace__timing__setup__ws": -0.478817,
  "detailedroute__antenna__violating__nets": 0,
  "detailedroute__antenna__violating__pins": 0,
  "detailedroute__antenna_diodes_count": 0,
  "detailedroute__flow__errors__count": 0,
  "detailedroute__flow__warnings__count": 10,
  "detailedroute__route__drc_errors": 0,
  "detailedroute__route__drc_errors__iter:1": 319,
  "detailedroute__route__drc_errors__iter:2": 207,
  "detailedroute__route__drc_errors__iter:3": 342,
  "detailedroute__route__drc_errors__iter:4": 84,
  "detailedroute__route__drc_errors__iter:5": 2,
  "detailedroute__route__drc_errors__iter:6": 0,
  "detailedroute__route__net": 546,
  "detailedroute__route__net__special": 2,
  "detailedroute__route__vias": 3659,
  "detailedroute__route__vias__multicut": 0,
  "detailedroute__route__vias__singlecut": 3659,
  "detailedroute__route__wirelength": 12293,
  "detailedroute__route__wirelength__iter:1": 12311,
  "detailedroute__route__wirelength__iter:2": 12336,
  "detailedroute__route__wirelength__iter:3": 12328,
  "detailedroute__route__wirelength__iter:4": 12294,
  "detailedroute__route__wirelength__iter:5": 12294,
  "detailedroute__route__wirelength__iter:6": 12293,
  "finish__clock__skew__hold": 0.00909797,
  "finish__clock__skew__setup": 0.00909797,
  "finish__cpu__total": 2.04,
  "finish__design__core__area": 6944.16,
  "finish__design__die__area": 7729.93,
  "finish__design__instance__area": 4570.63,
  "finish__design__instance__area__macros": 0,
  "finish__design__instance__area__stdcell": 4570.63,
  "finish__design__instance__count": 609,
  "finish__design__instance__count__macros": 0,
  "finish__design__instance__count__stdcell": 609,
  "finish__design__instance__utilization": 0.658198,
  "finish__design__instance__utilization__stdcell": 0.658198,
  "finish__design__io": 54,
  "finish__design_powergrid__drop__average__net:VDD__corner:default": 1.79979,
  "finish__design_powergrid__drop__average__net:VSS__corner:default": 0.000136618,
  "finish__design_powergrid__drop__worst__net:VDD__corner:default": 0.000395085,
  "finish__design_powergrid__drop__worst__net:VSS__corner:default": 0.00034658,
  "finish__design_powergrid__voltage__worst__net:VDD__corner:default": 1.7996,
  "finish__design_powergrid__voltage__worst__net:VSS__corner:default": 0.00034658,
  "finish__flow__errors__count": 0,
  "finish__flow__warnings__count": 1,
  "finish__mem__peak": 200268.0,
  "finish__power__internal__total": 0.0017825,
  "finish__power__leakage__total": 2.00114e-09,
  "finish__power__switching__total": 0.00134929,
  "finish__power__total": 0.00313179,
  "finish__runtime__total": "0:02.21",
  "finish__timing__drv__hold_violation_count": 0,
  "finish__timing__drv__max_cap": 0,
  "finish__timing__drv__max_cap_limit": 0.669325,
  "finish__timing__drv__max_fanout": 0,
  "finish__timing__drv__max_fanout_limit": 0,
  "finish__timing__drv__max_slew": 0,
  "finish__timing__drv__max_slew_limit": 0.632417,
  "finish__timing__drv__setup_violation_count": 38,
  "finish__timing__setup__tns": -9.9381,
  "finish__timing__setup__ws": -0.842953,
  "finish__timing__wns_percent_delay": -29.651776,
  "finish_merge__cpu__total": 1.77,
  "finish_merge__mem__peak": 399308.0,
  "finish_merge__runtime__total": "0:01.94",
  "floorplan__cpu__total": 0.94,
  "floorplan__design__core__area": 6944.16,
  "floorplan__design__die__area": 7729.93,
  "floorplan__design__instance__area": 3004.13,
  "floorplan__design__instance__area__macros": 0,
  "floorplan__design__instance__area__stdcell": 3004.13,
  "floorplan__design__instance__count": 391,
  "floorplan__design__instance__count__hold_buffer": 0,
  "floorplan__design__instance__count__macros": 0,
  "floorplan__design__instance__count__setup_buffer": 0,
  "floorplan__design__instance__count__stdcell": 391,
  "floorplan__design__instance__utilization": 0.432613,
  "floorplan__design__instance__utilization__stdcell": 0.432613,
  "floorplan__design__io": 54,
  "floorplan__flow__errors__count": 0,
  "floorplan__flow__warnings__count": 47,
  "floorplan__mem__peak": 132864.0,
  "floorplan__power__internal__total": 0.00110851,
  "floorplan__power__leakage__total": 1.28065e-09,
  "floorplan__power__switching__total": 0.000478548,
  "floorplan__power__total": 0.00158706,
  "floorplan__runtime__total": "0:00.97",
  "floorplan__timing__setup__tns": -0.0409397,
  "floorplan__timing__setup__ws": -0.0243929,
  "floorplan_io__cpu__total": 0.45,
  "floorplan_io__mem__peak": 127736.0,
  "floorplan_io__runtime__total": "0:00.50",
  "floorplan_macro__cpu__total": 0.44,
  "floorplan_macro__mem__peak": 127740.0,
  "floorplan_macro__runtime__total": "0:00.50",
  "floorplan_pdn__cpu__total": 0.41,
  "floorplan_pdn__mem__peak": 129816.0,
  "floorplan_pdn__runtime__total": "0:00.53",
  "floorplan_tap__cpu__total": 0.45,
  "floorplan_tap__mem__peak": 127312.0,
  "floorplan_tap__runtime__total": "0:00.51",
  "floorplan_tdms__cpu__total": 0.46,
  "floorplan_tdms__mem__peak": 127744.0,
  "floorplan_tdms__runtime__total": "0:00.51",
  "flow__errors__count": 0,
  "flow__warnings__count": 0,
  "globalplace__cpu__total": 11.46,
  "globalplace__design__core__area": 6944.16,
  "globalplace__design__die__area": 7729.93,
  "globalplace__design__instance__area": 3124.25,
  "globalplace__design__instance__area__macros": 0,
  "globalplace__design__instance__area__stdcell": 3124.25,
  "globalplace__design__instance__count": 487,
  "globalplace__design__instance__count__macros": 0,
  "globalplace__design__instance__count__stdcell": 487,
  "globalplace__design__instance__utilization": 0.44991,
  "globalplace__design__instance__utilization__stdcell": 0.44991,
  "globalplace__design__io": 54,
  "globalplace__flow__errors__count": 0,
  "globalplace__flow__warnings__count": 0,
  "globalplace__mem__peak": 775456.0,
  "globalplace__power__internal__total": 0.00111102,
  "globalplace__power__leakage__total": 1.28065e-09,
  "globalplace__power__switching__total": 0.000696245,
  "globalplace__power__total": 0.00180727,
  "globalplace__runtime__total": "0:02.77",
  "globalplace__timing__setup__tns": -10.8519,
  "globalplace__timing__setup__ws": -0.511361,
  "globalplace_io__cpu__total": 0.43,
  "globalplace_io__mem__peak": 128528.0,
  "globalplace_io__runtime__total": "0:00.51",
  "globalplace_skip_io__cpu__total": 6.2,
  "globalplace_skip_io__mem__peak": 128556.0,
  "globalplace_skip_io__runtime__total": "0:00.67",
  "globalroute__antenna__violating__nets": 0,
  "globalroute__antenna__violating__pins": 0,
  "globalroute__antenna_diodes_count": 0,
  "globalroute__clock__skew__hold": 0.00774617,
  "globalroute__clock__skew__setup": 0.00774617,
  "globalroute__cpu__total": 9.71,
  "globalroute__design__core__area": 6944.16,
  "globalroute__design__die__area": 7729.93,
  "globalroute__design__instance__area": 4570.63,
  "globalroute__design__instance__area__macros": 0,
  "globalroute__design__instance__area__stdcell": 4570.63,
  "globalroute__design__instance__count": 609,
  "globalroute__design__instance__count__hold_buffer": 0,
  "globalroute__design__instance__count__macros": 0,
  "globalroute__design__instance__count__setup_buffer": 11,
  "globalroute__design__instance__count__stdcell": 609,
  "globalroute__design__instance__displacement__max": 24.48,
  "globalroute__design__instance__displacement__mean": 1.765,
  "globalroute__design__instance__displacement__total": 1075.12,
  "globalroute__design__instance__utilization": 0.658198,
  "globalroute__design__instance__utilization__stdcell": 0.658198,
  "globalroute__design__io": 54,
  "globalroute__design__violations": 0,
  "globalroute__flow__errors__count": 0,
  "globalroute__flow__warnings__count": 1,
  "globalroute__mem__peak": 790844.0,
  "globalroute__power__internal__total": 0.00178511,
  "globalroute__power__leakage__total": 2.00114e-09,
  "globalroute__power__switching__total": 0.00150628,
  "globalroute__power__total": 0.0032914,
  "globalroute__route__wirelength__estimated": 10194.5,
  "globalroute__runtime__total": "0:07.67",
  "globalroute__timing__clock__slack": -0.928,
  "globalroute__timing__drv__hold_violation_count": 0,
  "globalroute__timing__drv__max_cap": 0,
  "globalroute__timing__drv__max_cap_limit": 0.689006,
  "globalroute__timing__drv__max_fanout": 0,
  "globalroute__timing__drv__max_fanout_limit": 0,
  "globalroute__timing__drv__max_slew": 0,
  "globalroute__timing__drv__max_slew_limit": 0.650171,
  "globalroute__timing__drv__setup_violation_count": 43,
  "globalroute__timing__setup__tns": -13.4763,
  "globalroute__timing__setup__ws": -0.927829,
  "placeopt__cpu__total": 1.07,
  "placeopt__design__core__area": 6944.16,
  "placeopt__design__die__area": 7729.93,
  "placeopt__design__instance__area": 3484.59,
  "placeopt__design__instance__area__macros": 0,
  "placeopt__design__instance__area__stdcell": 3484.59,
  "placeopt__design__instance__count": 540,
  "placeopt__design__instance__count__macros": 0,
  "placeopt__design__instance__count__stdcell": 540,
  "placeopt__design__instance__utilization": 0.501802,
  "placeopt__design__instance__utilization__stdcell": 0.501802,
  "placeopt__design__io": 54,
  "placeopt__flow__errors__count": 0,
  "placeopt__flow__warnings__count": 0,
  "placeopt__mem__peak": 726788.0,
  "placeopt__power__internal__total": 0.00120718,
  "placeopt__power__leakage__total": 1.4158e-09,
  "placeopt__power__switching__total": 0.000761904,
  "placeopt__power__total": 0.00196909,
  "placeopt__runtime__total": "0:01.63",
  "placeopt__timing__drv__floating__nets": 0,
  "placeopt__timing__drv__floating__pins": 0,
  "placeopt__timing__drv__hold_violation_count": 0,
  "placeopt__timing__drv__max_cap": 0,
  "placeopt__timing__drv__max_cap_limit": 0.86293,
  "placeopt__timing__drv__max_fanout": 0,
  "placeopt__timing__drv__max_fanout_limit": 0,
  "placeopt__timing__drv__max_slew": 0,
  "placeopt__timing__drv__max_slew_limit": 0.706801,
  "placeopt__timing__drv__setup_violation_count": 31,
  "placeopt__timing__setup__tns": -4.70054,
  "placeopt__timing__setup__ws": -0.454219,
  "run__flow__design": "gcd",
  "run__flow__generate_date": "2024-09-27 17:45",
  "run__flow__metrics_version": "Metrics_2.1.2",
  "run__flow__openroad_commit": "N/A",
  "run__flow__openroad_version": "v2.0-16089-gd06039e7d",
  "run__flow__platform": "sky130hd",
  "run__flow__platform__capacitance_units": "1pF",
  "run__flow__platform__current_units": "1mA",
  "run__flow__platform__distance_units": "1um",
  "run__flow__platform__power_units": "1nW",
  "run__flow__platform__resistance_units": "1kohm",
  "run__flow__platform__time_units": "1ns",
  "run__flow__platform__voltage_units": "1v",
  "run__flow__platform_commit": "N/A",
  "run__flow__scripts_commit": "not a git repo",
  "run__flow__uuid": "361a4900-043b-4c97-a62e-5a650153536a",
  "run__flow__variant": "base",
  "synth__cpu__total": 1.87,
  "synth__design__instance__area__stdcell": 2952.832,
  "synth__design__instance__count__stdcell": 391.0,
  "synth__mem__peak": 46592.0,
  "synth__runtime__total": "0:01.97",
  "total_time": "0:00:46.660000"
}